drop table if exists t1;
create table t1(a int,b float);
insert into t1 values(0,0),(-15,-20),(-22,-12.5);
insert into t1 values(0,360),(30,390),(90,450),(180,270),(180,180);
select cot(a*pi()/180) as cota,cot(b*pi()/180) cotb from t1;
cota	cotb
1.0000	1.0000
1.2679	1.3640
1.4040	1.2217
1.0000	1.0000
0.4226	0.4226
-16331239353195392.0000	-3266247870639077.5000
1.0000	-5443746451065130.0000
1.0000	1.0000
select cot(a*pi()/180)*cot(b*pi()/180) as cotab,cot(cot(a*pi()/180)) as c from t1;
cotab	c
1.0000	-0.5574
1.7294	-2.2004
1.7153	-4.9406
1.0000	-0.5574
0.1786	0.5502
53341875762271551926265173770240.0000	4.4834
-5443746451065131.0000	-0.5574
1.0000	-0.5574
select b from t1 where cot(a*pi()/180)<=cot(b*pi()/180)  order by a;
b
-20.0000
0.0000
360.0000
390.0000
450.0000
180.0000
